Bug,Question,Answer
lang_npe_1,"Faulty Code:
```
ClassName: org.apache.commons.lang3.ClassLoaderUtils ,Start Line: 70 ,End Line: 78
/** 
 * Converts the given URLClassLoader to a String in the format  {@code ""URLClassLoader.toString() + [URL1, URL2, ...]""}.
 * @param classLoader to URLClassLoader to convert.
 * @return the formatted string.
 */
public static String toString(final URLClassLoader classLoader){
  return classLoader + Arrays.toString(classLoader.getURLs());
}

ClassName: org.apache.commons.lang3.ClassLoaderUtils ,Start Line: 57 ,End Line: 68
/** 
 * Converts the given class loader to a String calling  {@link #toString(URLClassLoader)}.
 * @param classLoader to URLClassLoader to convert.
 * @return the formatted string.
 */
public static String toString(final ClassLoader classLoader){
  if (classLoader instanceof URLClassLoader) {
    return toString((URLClassLoader)classLoader);
  }
  return classLoader.toString();
}


```
Task Description:
```
className: org.apache.commons.lang3.ClassLoaderUtils
/** 
 * Converts the given URLClassLoader to a String in the format  {@code ""URLClassLoader.toString() + [URL1, URL2, ...]""}.
 * @param classLoader to URLClassLoader to convert.
 * @return the formatted string.
 */

className: org.apache.commons.lang3.ClassLoaderUtils
/** 
 * Converts the given class loader to a String calling  {@link #toString(URLClassLoader)}.
 * @param classLoader to URLClassLoader to convert.
 * @return the formatted string.
 */


```

Test Results:
The provided code is producing incorrect results. For examples:
- Running the function as follows className: org.apache.commons.lang3.ClassLoaderUtilsTest, Statement:generate a 'NullPointerException' in line 64        assertEquals(""null"", ClassLoaderUtils.toString((URLClassLoader) null));
className: org.apache.commons.lang3.ClassLoaderUtilsTest, Statement:generate a 'NullPointerException' in line 55        assertEquals(""null"", ClassLoaderUtils.toString((ClassLoader) null));

```
ClassName: org.apache.commons.lang3.ClassLoaderUtilsTest ,Start Line: 58 ,End Line: 65
@Test public void testToString_URLClassLoader() throws IOException {
  final URL url=new URL(""http://localhost"");
  try (URLClassLoader urlClassLoader=new URLClassLoader(new URL[]{url})){
    Assertions.assertEquals(String.format(""%s[%s]"",urlClassLoader,url),ClassLoaderUtils.toString(urlClassLoader));
  }
   assertEquals(""null"",ClassLoaderUtils.toString((URLClassLoader)null));
}

ClassName: org.apache.commons.lang3.ClassLoaderUtilsTest ,Start Line: 47 ,End Line: 56
@Test public void testToString_ClassLoader() throws IOException {
  final URL url=new URL(""http://localhost"");
  try (URLClassLoader urlClassLoader=new URLClassLoader(new URL[]{url})){
    @SuppressWarnings(""resource"") final ClassLoader classLoader=urlClassLoader;
    Assertions.assertEquals(String.format(""%s[%s]"",classLoader,url),ClassLoaderUtils.toString(classLoader));
  }
   assertEquals(""null"",ClassLoaderUtils.toString((ClassLoader)null));
}


```


Stack Traces Fault Localization Techniques Results:
We have used Stack Traces to identify potentially faulty lines. Here are the results of Stack Traces suspicious lines sorted in descending order of the score:
```
  JUnit Jupiter:ClassLoaderUtilsTest:testToString_URLClassLoader()
    MethodSource [className = 'org.apache.commons.lang3.ClassLoaderUtilsTest', methodName = 'testToString_URLClassLoader', methodParameterTypes = '']
    => java.lang.NullPointerException: Cannot invoke ""java.net.URLClassLoader.getURLs()"" because ""classLoader"" is null
       org.apache.commons.lang3.ClassLoaderUtils.toString(ClassLoaderUtils.java:77)
       org.apache.commons.lang3.ClassLoaderUtilsTest.testToString_URLClassLoader(ClassLoaderUtilsTest.java:64)
       java.base/jdk.internal.reflect.NativeMethodAccessorImpl.invoke0(Native Method)
       java.base/jdk.internal.reflect.NativeMethodAccessorImpl.invoke(NativeMethodAccessorImpl.java:77)
       java.base/jdk.internal.reflect.DelegatingMethodAccessorImpl.invoke(DelegatingMethodAccessorImpl.java:43)
       java.base/java.lang.reflect.Method.invoke(Method.java:568)
       org.junit.platform.commons.util.ReflectionUtils.invokeMethod(ReflectionUtils.java:727)
       org.junit.jupiter.engine.execution.MethodInvocation.proceed(MethodInvocation.java:60)
       org.junit.jupiter.engine.execution.InvocationInterceptorChain$ValidatingInvocation.proceed(InvocationInterceptorChain.java:131)
       org.junit.jupiter.engine.extension.TimeoutExtension.intercept(TimeoutExtension.java:156)
       [...]
  JUnit Jupiter:ClassLoaderUtilsTest:testToString_ClassLoader()
    MethodSource [className = 'org.apache.commons.lang3.ClassLoaderUtilsTest', methodName = 'testToString_ClassLoader', methodParameterTypes = '']
    => java.lang.NullPointerException: Cannot invoke ""Object.toString()"" because ""classLoader"" is null
       org.apache.commons.lang3.ClassLoaderUtils.toString(ClassLoaderUtils.java:67)
       org.apache.commons.lang3.ClassLoaderUtilsTest.testToString_ClassLoader(ClassLoaderUtilsTest.java:55)
       java.base/jdk.internal.reflect.NativeMethodAccessorImpl.invoke0(Native Method)
       java.base/jdk.internal.reflect.NativeMethodAccessorImpl.invoke(NativeMethodAccessorImpl.java:77)
       java.base/jdk.internal.reflect.DelegatingMethodAccessorImpl.invoke(DelegatingMethodAccessorImpl.java:43)
       java.base/java.lang.reflect.Method.invoke(Method.java:568)
       org.junit.platform.commons.util.ReflectionUtils.invokeMethod(ReflectionUtils.java:727)
       org.junit.jupiter.engine.execution.MethodInvocation.proceed(MethodInvocation.java:60)
       org.junit.jupiter.engine.execution.InvocationInterceptorChain$ValidatingInvocation.proceed(InvocationInterceptorChain.java:131)
       org.junit.jupiter.engine.extension.TimeoutExtension.intercept(TimeoutExtension.java:156)
       [...]

```, StackTraces
...
Analyze the provided code and utilize task description, test results, and StackTraces techniques results to help in identifying potentially faulty lines. Provide the results following this JSON template:
```json
{{
  ""faultLoc"": [    {{      ""faultyLine"": (indicating the line number of the suspicious code),      ""code"": (displaying the actual code),      ""explanation"": (step by step reasoning on why this location is considered potentially faulty)    }},    ...  ]
}}
```",
lang_npe_2,"Faulty Code:
```
ClassName: org.apache.commons.lang3.mutable.MutableObject ,Start Line: 76 ,End Line: 99
/** 
 * Compares this object against the specified object. The result is  {@code true} if and only if the argumentis not  {@code null} and is a {@link MutableObject} object that contains the same {@link T}value as this object.
 * @param obj  the object to compare with, {@code null} returns {@code false}
 * @return  {@code true} if the objects are the same;{@code true} if the objects have equivalent {@code value} fields;{@code false} otherwise.
 */
@Override public boolean equals(final Object obj){
  if (obj == null) {
    return false;
  }
  if (this == obj) {
    return true;
  }
  if (this.getClass() == obj.getClass()) {
    final MutableObject<?> that=(MutableObject<?>)obj;
    return this.value.equals(that.value);
  }
  return false;
}


```
Task Description:
```
className: org.apache.commons.lang3.mutable.MutableObject
/** 
 * Compares this object against the specified object. The result is  {@code true} if and only if the argumentis not  {@code null} and is a {@link MutableObject} object that contains the same {@link T}value as this object.
 * @param obj  the object to compare with, {@code null} returns {@code false}
 * @return  {@code true} if the objects are the same;{@code true} if the objects have equivalent {@code value} fields;{@code false} otherwise.
 */


```

Test Results:
The provided code is producing incorrect results. For examples:
- Running the function as follows className: org.apache.commons.lang3.mutable.MutableObjectTest, Statement:generate a 'NullPointerException' in line 62        assertEquals(mutNumNull1, mutNumNull2);

```
ClassName: org.apache.commons.lang3.mutable.MutableObjectTest ,Start Line: 45 ,End Line: 68
@Test public void testEquals(){
  final MutableObject<String> mutNumA=new MutableObject<>(""ALPHA"");
  final MutableObject<String> mutNumB=new MutableObject<>(""ALPHA"");
  final MutableObject<String> mutNumC=new MutableObject<>(""BETA"");
  final MutableObject<String> mutNumNull1=new MutableObject<>(null);
  final MutableObject<String> mutNumNull2=new MutableObject<>(null);
  assertEquals(mutNumA,mutNumA);
  assertEquals(mutNumA,mutNumB);
  assertEquals(mutNumB,mutNumA);
  assertEquals(mutNumB,mutNumB);
  assertNotEquals(mutNumA,mutNumC);
  assertNotEquals(mutNumB,mutNumC);
  assertEquals(mutNumC,mutNumC);
  assertNotEquals(mutNumA,mutNumNull1);
  assertEquals(mutNumNull1,mutNumNull1);
  assertEquals(mutNumNull1,mutNumNull2);
  assertEquals(mutNumNull2,mutNumNull1);
  assertNotEquals(null,mutNumA);
  assertNotEquals(mutNumA,new Object());
  assertNotEquals(""0"",mutNumA);
}


```


Stack Traces Fault Localization Techniques Results:
We have used Stack Traces to identify potentially faulty lines. Here are the results of Stack Traces suspicious lines sorted in descending order of the score:
```
  JUnit Jupiter:MutableObjectTest:testEquals()
    MethodSource [className = 'org.apache.commons.lang3.mutable.MutableObjectTest', methodName = 'testEquals', methodParameterTypes = '']
    => java.lang.NullPointerException: Cannot invoke ""Object.equals(Object)"" because ""this.value"" is null
       org.apache.commons.lang3.mutable.MutableObject.equals(MutableObject.java:96)
       org.junit.jupiter.api.AssertionUtils.objectsAreEqual(AssertionUtils.java:110)
       org.junit.jupiter.api.AssertEquals.assertEquals(AssertEquals.java:181)
       org.junit.jupiter.api.AssertEquals.assertEquals(AssertEquals.java:177)
       org.junit.jupiter.api.Assertions.assertEquals(Assertions.java:1142)
       org.apache.commons.lang3.mutable.MutableObjectTest.testEquals(MutableObjectTest.java:62)
       java.base/jdk.internal.reflect.NativeMethodAccessorImpl.invoke0(Native Method)
       java.base/jdk.internal.reflect.NativeMethodAccessorImpl.invoke(NativeMethodAccessorImpl.java:77)
       java.base/jdk.internal.reflect.DelegatingMethodAccessorImpl.invoke(DelegatingMethodAccessorImpl.java:43)
       java.base/java.lang.reflect.Method.invoke(Method.java:568)
       [...]

```, StackTraces
...
Analyze the provided code and utilize task description, test results, and StackTraces techniques results to help in identifying potentially faulty lines. Provide the results following this JSON template:
```json
{{
  ""faultLoc"": [    {{      ""faultyLine"": (indicating the line number of the suspicious code),      ""code"": (displaying the actual code),      ""explanation"": (step by step reasoning on why this location is considered potentially faulty)    }},    ...  ]
}}
```",
lang_npe_3,,
lang_npe_4,,
lang_npe_5,,
lang_npe_6,,
lang_npe_7,,
lang_npe_8,,
lang_npe_9,,
lang_npe_10,,
lang_npe_11,,
lang_npe_12,,
lang_npe_13,,
lang_npe_14,,
math_npe_1,,
math_npe_2,,
math_npe_3,,
math_npe_4,,
math_npe_5,,
math_npe_6,,
collections_npe_1,,
collections_npe_2,,
collections_npe_3,,
commons-io_npe_1,,
commons-io_npe_2,,
commons-io_npe_3,,
commons-io_npe_4,,
commons-io_npe_5,,
commons-io_npe_6,,
commons-io_npe_7,,
commons-io_npe_8,,
commons-io_npe_9,,
commons-io_npe_10,,
commons-io_npe_11,,
commons-io_npe_12,,
commons-io_npe_13,,
commons-io_npe_14,,
commons-io_npe_15,,
commons-io_npe_16,,
commons-io_npe_17,,
commons-io_npe_18,,
commons-io_npe_19,,
